10000;Maria Perez
10001;Sol Rodriguez
10002;Nahuel Gonzalez
10003;Mariano Gatti
10004;Lucas Parmesano
10005;Mariela Torres
10006;Celeste Laudano
10007;Florencia Silva
10008;Facundo Zalazar
10009;Azul Do Santos
10010;Augusto Antelo
10011;Sabrina Brugoni
10012;Eugenia Musante
10013;Maria Rodriguez
10014;German Armenio
10015;Anella Saporiti
10016;Paula Santoro
10017;Sofia Cruz
10018;Santiago Vila
10019;Juan Gabriel Griggio
10020;Charbel Cacchiatto
10021;Bianca Laudano
10022;Belen Conti
10023;Cesar Ratti
10024;Luciano Cruz
10025;Marianela Costa
